id;title;description;image_path
1;Shoes Circle Louisiana;Niue;https://upload.wikimedia.org/wikipedia/commons/b/be/Burger_King_Angus_Bacon_%26_Cheese_Steak_Burger.jpg
2;Books Wooden Panama;Salad Metrics;https://upload.wikimedia.org/wikipedia/commons/b/be/Burger_King_Angus_Bacon_%26_Cheese_Steak_Burger.jpg
3;Chips copy reboot;programming rich Street;https://upload.wikimedia.org/wikipedia/commons/b/be/Burger_King_Angus_Bacon_%26_Cheese_Steak_Burger.jpg
4;invoice logistical;Afghanistan;https://upload.wikimedia.org/wikipedia/commons/b/be/Burger_King_Angus_Bacon_%26_Cheese_Steak_Burger.jpg
5;Mexico;withdrawal Assurance Awesome;https://upload.wikimedia.org/wikipedia/commons/b/be/Burger_King_Angus_Bacon_%26_Cheese_Steak_Burger.jpg
6;Berkshire;Representative;https://upload.wikimedia.org/wikipedia/commons/b/be/Burger_King_Angus_Bacon_%26_Cheese_Steak_Burger.jpg
7;invoice;Lane architecture;https://upload.wikimedia.org/wikipedia/commons/b/be/Burger_King_Angus_Bacon_%26_Cheese_Steak_Burger.jpg
8;Saint;Lake;https://upload.wikimedia.org/wikipedia/commons/b/be/Burger_King_Angus_Bacon_%26_Cheese_Steak_Burger.jpg
9;Borders Legacy;e-tailers generating Balanced;https://upload.wikimedia.org/wikipedia/commons/b/be/Burger_King_Angus_Bacon_%26_Cheese_Steak_Burger.jpg
10;object-oriented;Cambridgeshire;https://upload.wikimedia.org/wikipedia/commons/b/be/Burger_King_Angus_Bacon_%26_Cheese_Steak_Burger.jpg